{
  "ransomeware":{
    "info":"Ransomware is a type of malware from cryptovirology that threatens to publish the victim's personal data or permanently block access to it unless a ransom is paid off. While some simple ransomware may lock the system without damaging any files, more advanced malware uses a technique called cryptoviral extortion. It encrypts the victim's files, making them inaccessible, and demands a ransom payment to decrypt them. In a properly implemented cryptoviral extortion attack, recovering the files without the decryption key is an intractable problem – and difficult to trace digital currencies such as paysafecard or Bitcoin and other cryptocurrencies are used for the ransoms, making tracing and prosecuting the perpetrators difficult."
  },
  "script-kiddie":{
    "info":"A script kiddie, skiddie, kiddie, or skid is an unskilled individual who uses scripts or programs developed by others, primarily for malicious purposes."
  },
  "wannacry":{
    "info":"The WannaCry ransomware attack was a worldwide cyberattack in May 2017 by the WannaCry ransomware cryptoworm, which targeted computers running the Microsoft Windows operating system by encrypting data and demanding ransom payments in the Bitcoin cryptocurrency.[5] It propagated by using EternalBlue, an exploit developed by the United States National Security Agency (NSA) for Windows systems. EternalBlue was stolen and leaked by a group called The Shadow Brokers a month prior to the attack. While Microsoft had released patches previously to close the exploit, much of WannaCry's spread was from organizations that had not applied these, or were using older Windows systems that were past their end-of-life. These patches were imperative to organizations' cyber security but many were not implemented due to ignorance of their importance. Some have claimed a need for 24/7 operation, aversion to risking having formerly working applications breaking because of patch changes, lack of personnel or time to install them, or other reasons."
  },
  "iloveyou":{
    "info":"ILOVEYOU, sometimes referred to as Love Bug or Love Letter for you, is a computer worm that infected over ten million Windows personal computers on and after 5 May 2000. It started spreading as an email message with the subject line 'ILOVEYOU' and the attachment 'LOVE-LETTER-FOR-YOU.TXT.vbs.'[1] At the time, Windows computers often hid the latter file extension (VBS, a type of interpreted file) by default because it is an extension for a file type that Windows knows, leading unwitting users to think it was a normal text file. Opening the attachment activates the Visual Basic script. First, the worm inflicts damage on the local machine, overwriting random files (including Office files and image files; however, it hides MP3 files instead of deleting them), then, it copies itself to all addresses in the Windows Address Book used by Microsoft Outlook, allowing it to spread much faster than any other previous email worm."
  },
  "virus":{
    "info":"A computer virus[1] is a type of computer program that, when executed, replicates itself by modifying other computer programs and inserting its own code into those programs.[2][3] If this replication succeeds, the affected areas are then said to be infected with a computer virus, a metaphor derived from biological viruses. [4] Computer viruses generally require a host program.[5] The virus writes its own code into the host program. When the program runs, the written virus program is executed first, causing infection and damage. A computer worm does not need a host program, as it is an independent program or code chunk. Therefore, it is not restricted by the host program, but can run independently and actively carry out attacks.[6][7] Virus writers use social engineering deceptions and exploit detailed knowledge of security vulnerabilities to initially infect systems and to spread the virus. Viruses use complex anti-detection/stealth strategies to evade antivirus software.[8] Motives for creating viruses can include seeking profit (e.g., with ransomware), desire to send a political message, personal amusement, to demonstrate that a vulnerability exists in software, for sabotage and denial of service, or simply because they wish to explore cybersecurity issues, artificial life and evolutionary algorithms.[9]"
  },
  "heap":{
    "info":"In certain programming languages including C and Pascal , a heap is an area of pre-reserved computer main storage ( memory ) that a program process can use to store data in some variable amount that won't be known until the program is running. For example, a program may accept different amounts of input from one or more users for processing and then do the processing on all the input data at once. Having a certain amount of heap storage already obtained from the operating system makes it easier for the process to manage storage and is generally faster than asking the operating system for storage every time it's needed. The process manages its allocated heap by requesting a 'chunk' of the heap (called a heap block ) when needed, returning the blocks when no longer needed, and doing occasional 'garbage collecting,' which makes blocks available that are no longer being used and also reorganizes the available space in the heap so that it isn't being wasted in small unused pieces."
  },
  "buffer overflow":{
    "info":"In information security and programming, a buffer overflow, or buffer overrun, is an anomaly whereby a program, while writing data to a buffer, overruns the buffer's boundary and overwrites adjacent memory locations. Buffers are areas of memory set aside to hold data, often while moving it from one section of a program to another, or between programs. Buffer overflows can often be triggered by malformed inputs; if one assumes all inputs will be smaller than a certain size and the buffer is created to be that size, then an anomalous transaction that produces more data could cause it to write past the end of the buffer. If this overwrites adjacent data or executable code, this may result in erratic program behavior, including memory access errors, incorrect results, and crashes. Exploiting the behavior of a buffer overflow is a well-known security exploit. On many systems, the memory layout of a program, or the system as a whole, is well defined. By sending in data designed to cause a buffer overflow, it is possible to write into areas known to hold executable code and replace it with malicious code, or to selectively overwrite data pertaining to the program's state, therefore causing behavior that was not intended by the original programmer. Buffers are widespread in operating system (OS) code, so it is possible to make attacks that perform privilege escalation and gain unlimited access to the computer's resources. The famed Morris worm in 1988 used this as one of its attack techniques."
  },
  "buffer overread":{
    "info":"In computer security and programming, a buffer over-read[1][2] is an anomaly where a program, while reading data from a buffer, overruns the buffer's boundary and reads (or tries to read) adjacent memory. This is a special case of violation of memory safety. Buffer over-reads can be triggered, as in the Heartbleed bug, by maliciously crafted inputs that are designed to exploit a lack of bounds checking to read parts of memory not intended to be accessible. They may also be caused by programming errors alone. Buffer over-reads can result in erratic program behavior, including memory access errors, incorrect results, a crash, or a breach of system security. Thus, they are the basis of many software vulnerabilities and can be maliciously exploited to access privileged information."
  },
  "heartbleed":{
    "info":"Heartbleed was a security bug in the OpenSSL cryptography library, which is a widely used implementation of the Transport Layer Security (TLS) protocol. It was introduced into the software in 2012 and publicly disclosed in April 2014. Heartbleed could be exploited regardless of whether the vulnerable OpenSSL instance is running as a TLS server or client. It resulted from improper input validation (due to a missing bounds check) in the implementation of the TLS heartbeat extension.[3] Thus, the bug's name derived from heartbeat.[4] The vulnerability was classified as a buffer over-read,[5] a situation where more data can be read than should be allowed.[6]"
  },
  "xss":{
    "info":"Cross-site scripting (XSS) is a type of security vulnerability that can be found in some web applications. XSS attacks enable attackers to inject client-side scripts into web pages viewed by other users. A cross-site scripting vulnerability may be used by attackers to bypass access controls such as the same-origin policy. Cross-site scripting carried out on websites accounted for roughly 84% of all security vulnerabilities documented by Symantec up until 2007.[1] XSS effects vary in range from petty nuisance to significant security risk, depending on the sensitivity of the data handled by the vulnerable site and the nature of any security mitigation implemented by the site's owner network."
  },
  "sqli":{
    "info":"n computing, SQL injection is a code injection technique used to attack data-driven applications, in which malicious SQL statements are inserted into an entry field for execution (e.g. to dump the database contents to the attacker).[1][2] SQL injection must exploit a security vulnerability in an application's software, for example, when user input is either incorrectly filtered for string literal escape characters embedded in SQL statements or user input is not strongly typed and unexpectedly executed. SQL injection is mostly known as an attack vector for websites but can be used to attack any type of SQL database."
  },
  "return-oriented programming":{
    "info":"Return-oriented programming (ROP) is a computer security exploit technique that allows an attacker to execute code in the presence of security defenses[1][2] such as executable space protection and code signing.[3] In this technique, an attacker gains control of the call stack to hijack program control flow and then executes carefully chosen machine instruction sequences that are already present in the machine's memory, called 'gadgets'.[4][nb 1] Each gadget typically ends in a return instruction and is located in a subroutine within the existing program and/or shared library code.[nb 1] Chained together, these gadgets allow an attacker to perform arbitrary operations on a machine employing defenses that thwart simpler attacks."
  },
  "memory swapping":{
    "info":"In computer operating systems, memory paging (or swapping on some Unix-like systems) is a memory management scheme by which a computer stores and retrieves data from secondary storage[a] for use in main memory.[citation needed] In this scheme, the operating system retrieves data from secondary storage in same-size blocks called pages. Paging is an important part of virtual memory implementations in modern operating systems, using secondary storage to let programs exceed the size of available physical memory."
  },
  "assembly":{
    "info":"In computer programming, assembly language (or assembler language,[1] or symbolic machine code[2][3][4]), often referred to simply as Assembly and commonly abbreviated as ASM or asm, is any low-level programming language with a very strong correspondence between the instructions in the language and the architecture's machine code instructions.[5] Assembly language usually has one statement per machine instruction (1:1), but constants, comments, assembler directives,[6] symbolic labels of, e.g., memory locations, registers, and macros[7][1] are generally also supported."
  },
  "lateral movement":{
    "info":"Network Lateral Movement, or simply Lateral Movement, refers to the techniques that cyber attackers, or threat actors, use to progressively move through a network as they search for the key data and assets that are ultimately the target of their attack campaigns.[1][2][3] While development of more sophisticated sequences of attack has helped threat actors develop better strategies and evade detection as compared to the past, similar to planning a heist, cyber defenders have also learned to use lateral movement against attackers in that they use it to detect their location and respond more effectively to an attack.[1]"
  },
  "beaconing":{
    "info":"Command-and-control (C&C or C2) beaconing is a type of malicious communication between a C&C server and malware on an infected host. C&C servers can orchestrate a variety of nefarious acts, from denial of service (DoS) attacks to ransomware to data exfiltration."
  },
  "psexec":{
    "info":"PsExec is a light-weight telnet-replacement that lets you execute processes on other systems, complete with full interactivity for console applications, without having to manually install client software. PsExec's most powerful uses include launching interactive command-prompts on remote systems and remote-enabling tools like IpConfig that otherwise do not have the ability to show information about remote systems."
  },
  "obfuscation":{
    "info":"In software development, obfuscation is the act of creating source or machine code that is difficult for humans or computers to understand. Like obfuscation in natural language, it may use needlessly roundabout expressions to compose statements. Programmers may deliberately obfuscate code to conceal its purpose (security through obscurity) or its logic or implicit values embedded in it, primarily, in order to prevent tampering, deter reverse engineering, or even to create a puzzle or recreational challenge for someone reading the source code. This can be done manually or by using an automated tool, the latter being the preferred technique in industry.[1]"
  },
  "phishing":{
    "info":"Phishing is a form of social engineering where attackers deceive people into revealing sensitive information[1] or installing malware such as ransomware. Phishing attacks have become increasingly sophisticated and often transparently mirror the site being targeted, allowing the attacker to observe everything while the victim is navigating the site, and transverse any additional security boundaries with the victim.[2] As of 2020, it is the most common type of cybercrime, with the FBI's Internet Crime Complaint Centre reporting more incidents of phishing than any other type of computer crime.[3]"
  },
  "rubber-hose":{
    "info":"In cryptography, rubber-hose cryptanalysis is a euphemism for the extraction of cryptographic secrets (e.g. the password to an encrypted file) from a person by coercion or torture[1]—such as beating that person with a rubber hose, hence the name—in contrast to a mathematical or technical cryptanalytic attack."
  },
  "vulnerability":{
    "info":"Vulnerabilities are flaws in a computer system that weaken the overall security of the device/system. Vulnerabilities can be weaknesses in either the hardware itself, or the software that runs on the hardware. Vulnerabilities can be exploited by a threat actor, such as an attacker, to cross privilege boundaries (i.e. perform unauthorized actions) within a computer system. To exploit a vulnerability, an attacker must have at least one applicable tool or technique that can connect to a system weakness. In this frame, vulnerabilities are also known as the attack surface."
  },
  "exploit":{
    "info":"An exploit (from the English verb to exploit, meaning 'to use something to one’s own advantage') is a piece of software, a chunk of data, or a sequence of commands that takes advantage of a bug or vulnerability to cause unintended or unanticipated behavior to occur on computer software, hardware, or something electronic (usually computerized).[1] Such behavior frequently includes things like gaining control of a computer system, allowing privilege escalation, or a denial-of-service (DoS or related DDoS) attack. In lay terms, some exploit is akin to a 'hack'."
  },
  "spider pig":{
    "info":"Spider Pig! Spider Pig! Does whatever a spider pig does!' ―Homer singing to Spider Pig 'He's not Spider Pig anymore, he's Harry Plopper.' ―Homer after warned by Marge to dispose his waste properly. Plopper the Pig is Homer Simpson's pet pig. Homer first met Plopper when he and Bart were in Krusty Burger. Plopper is mostly famous for being called 'Spider-Pig'."
  },
  "ttp":{
    "info":"Tactics, Techniques, and Procedures (TTPs) is a key concept in cybersecurity and threat intelligence. The purpose is to identify patterns of behavior which can be used to defend against specific strategies and threat vectors used by malicious actors."
  },
  "tailgating":{
    "info":"Tailgating is a simple social engineering attack enabling hackers to gain access to a password-protected or otherwise off-limits physical location. Tailgating involves closely following an authorized person into a restricted access area. As a regular employee opens a heavy door, for example, a tailgating social engineer may grab the door as it’s about to close, waling right into the targeted physical system."
  },
  "red team":{
    "info":"A red team is a group that plays the role of an adversary to provide security feedback from an antagonist's perspective. Red teams are used in many fields, especially in cybersecurity, airport security, law enforcement, the military and intelligence agencies."
  },
  "maldoc":{
    "info":"Maldoc (Malicious Documents) are documents containing self-executing code or code that requires a user to grant permission or interact with the document before execution. It can be a PDF‍ with embedded malicious java script, file, etc. or a Microsoft Office document with embedded VBA‍ macros‍. Maldocs are most commonly delivered to users via phishing emails, however can be delivered via Drive-By attacks, physical USB keys/drives or other social engineering types of attacks. In many cases, such as with Microsoft Office documents, the user will be required to interact with the document prior to any code executing successfully, however it is possible no user interaction is required. Once the document is opened and any required user interaction has been performed, malicious code will execute, such as Powershell, cmd shell or similar scripting code to establish communication with the attacker’s infrastructure, download a payload or perform local actions such as persistence or sleep until a later time."
  },
  "reverse proxy":{
    "info":"In computer networks, a reverse proxy is an application that sits in front of back-end applications and forwards client (e.g. browser) requests to those applications. Reverse proxies help increase scalability, performance, resilience and security. The resources returned to the client appear as if they originated from the web server itself.[1]"
  },
  "white hat":{
    "info":"A white hat (or a white-hat hacker, a whitehat) is an ethical security hacker.[1][2] Ethical hacking is a term meant to imply a broader category than just penetration testing.[3][4] Under the owner's consent, white-hat hackers aim to identify any vulnerabilities the current system has.[5] The white hat is contrasted with the black hat, a malicious hacker; this definitional dichotomy comes from Western films, where heroic and antagonistic cowboys might traditionally wear a white and a black hat, respectively.[6] There is a third kind of hacker known as a grey hat who hacks with good intentions but at times without permission."
  },
  "grey hat":{
    "info":"A grey hat (greyhat or gray hat) is a computer hacker or computer security expert who may sometimes violate laws or typical ethical standards, but usually does not have the malicious intent typical of a black hat hacker."
  },
  "black hat":{
    "info":"A black hat (black hat hacker or blackhat) is a computer hacker who usually violates laws or typical ethical standards. The term originates from 1950s westerns, when bad guys typically wore black hats and good guys white hats. Black hat hackers aim to hack into any system for their own profit or out of malice. A black hat is contrasted with a white hat. A third category is the gray hat, a person who hacks with good intentions but sometimes without permission.[1][2][3]"
  },
  "autobahn security":{
    "info":"Autobahn Security focuses on remediation guidance to mitigate multiple vulnerabilities in one go, instead of fixing vulnerabilities one by one. Like going to the gym, cybersecurity is something that you should work on every day. The Autobahn platform creates a Cyber Fitness journey for you, that you can follow at whatever pace you want."
  },
  "kerberoasting":{
    "info":"Kerberoasting is a post-exploitation attack technique that attempts to crack the password of a service account within the Active Directory (AD). In such an attack, an adversary masquerading as an account user with a service principal name (SPN) requests a ticket, which contains an encrypted password, or Kerberos. (An SPN is an attribute that ties a service to a user account within the AD). The adversary then works offline to crack the password hash, often using brute force techniques. Once the plaintext credentials of the service account are exposed, the adversary possesses user credentials that they can use to impersonate the account owner. In so doing, they appear to be an approved and legitimate user and have unfettered access to any systems, assets or networks granted to the compromised account."
  }
}