[
    {
        "id": 1,
        "title": "Nilou",
        "description": "AR 40 with Nilou + Signature Weapon",
        "banner": "/images/Nilou.png",
        "price": 1000000
    },
    {
        "id": 2,
        "title": "Hu Tao",
        "description": "AR 45 with Hu Tao + Signature Weapon",
        "banner": "/images/HuTao.png",
        "price": 1500000
    },
    {
        "id": 3,
        "title": "Bennett",
        "description": "AR 40 with Bennett + Signature Weapon",
        "banner": "/images/Bennett.png",
        "price": 1000000
    },
    {
        "id": 4,
        "title": "Candace",
        "description": "AR 45 with Candace + Signature Weapon",
        "banner": "/images/Candace.png",
        "price": 1500000
    },
    {
        "id": 5,
        "title": "Xiangling",
        "description": "AR 45 with Xiangling + Signature Weapon",
        "banner": "/images/Xiangling.png",
        "price": 1500000
    },
    {
        "id": 6,
        "title": "Yoimiya",
        "description": "AR 45 with Yoimiya + Signature Weapon",
        "banner": "/images/Yoimiya.png",
        "price": 1500000
    },
    {
        "id": 7,
        "title": "Xiao",
        "description": "AR 40 with Xiao + Signature Weapon",
        "banner": "/images/Xiao.png",
        "price": 1000000
    }
]
